Brand,Car_Name,Selling_Price,Year,Kms_Driven,Fuel_Type,cc,Location,Date Scraping,Etiqueta,Ref
JEEP,JEEP Renegade 2.0 Mjet Night Eagle 4x4,13.800 €,2019,225.000 km,Diesel,140 cv,Madrid,2026-05-06 14:38:37,C,https://www.coches.net/jeep-renegade-20-mjet-103kw-140cv-night-eagle-4x4-5p-diesel-2019-en-madrid-70495243-covo.aspx
MERCEDES-BENZ,MERCEDES-BENZ Clase A A 250 e,25.985 €,2022,63.035 km,Híbrido enchufable,218 cv,Las Palmas,2026-05-06 14:38:37,CERO,https://www.coches.net/mercedes-benz-clase-a-a-250-e-5p-electrico-hibrido-2022-en-las-palmas-70497351-covo.aspx
FIAT,FIAT 500L Cross 1.4 16v 95 CV SS,13.485 €,2022,75.823 km,Gasolina,95 cv,Las Palmas,2026-05-06 14:38:37,C,https://www.coches.net/fiat-500l-cross-14-16v-70-kw-95-cv-ss-5p-gasolina-2021-en-las-palmas-70497352-covo.aspx
PORSCHE,PORSCHE Macan Macan S,59.985 €,2019,83.000 km,Gasolina,354 cv,Las Palmas,2026-05-06 14:38:37,C,https://www.coches.net/porsche-macan-macan-s-5p-gasolina-2019-en-las-palmas-70497353-covo.aspx
CUPRA,CUPRA Formentor 1.4 eHybrid 204 CV DSG,21.985 €,2022,111.456 km,Híbrido enchufable,204 cv,Las Palmas,2026-05-06 14:38:37,CERO,https://www.coches.net/cupra-formentor-14-ehybrid-150kw-204-cv-dsg-5p-electrico-hibrido-2022-en-las-palmas-70497354-covo.aspx
PORSCHE,PORSCHE Cayenne Coupé EHybrid,73.985 €,2022,49.013 km,Híbrido enchufable,462 cv,Las Palmas,2026-05-06 14:38:37,CERO,https://www.coches.net/porsche-cayenne-coupe-ehybrid-5p-electrico-hibrido-2022-en-las-palmas-70497355-covo.aspx
PEUGEOT,PEUGEOT 208 Active Puretech 100,13.490 €,2024,21.000 km,Gasolina,100 cv,Madrid,2026-05-06 14:38:37,C,https://www.coches.net/peugeot-208-active-puretech-100-5p-gasolina-2023-en-madrid-70497845-covo.aspx
CITROEN,CITROEN C3 Aircross PureTech Shine Pack,13.490 €,2023,23.000 km,Gasolina,110 cv,Madrid,2026-05-06 14:38:37,C,https://www.coches.net/citroen-c3-aircross-puretech-81kw-110cv-shine-pack-5p-gasolina-2023-en-madrid-70497888-covo.aspx
VOLKSWAGEN,VOLKSWAGEN Golf 2.0 TDI,18.690 €,2022,98.000 km,Diesel,115 cv,Madrid,2026-05-06 14:38:37,C,https://www.coches.net/volkswagen-golf-20-tdi-85kw-115cv-5p-diesel-2023-en-madrid-70497920-covo.aspx
PEUGEOT,PEUGEOT 208 BlueHDi Active Pack,13.390 €,2022,15.000 km,Diesel,100 cv,Madrid,2026-05-06 14:38:37,C,https://www.coches.net/peugeot-208-bluehdi-73kw-100cv-active-pack-5p-diesel-2023-en-madrid-70498013-covo.aspx
PEUGEOT,PEUGEOT 508 GT BlueHDi 180 SS EAT8,19.790 €,2020,98.000 km,Diesel,180 cv,Madrid,2026-05-06 14:38:37,C,https://www.coches.net/peugeot-508-5p-gt-bluehdi-130kw-180-ss-eat8-5p-diesel-2020-en-madrid-70498095-covo.aspx
MITSUBISHI,MITSUBISHI Colt 100T Motion,17.900 €,2026,100 km,Gasolina,90 cv,Jaén,2026-05-06 14:38:37,C,https://www.coches.net/mitsubishi-colt-100t-motion-5p-gasolina-2026-en-jaen-70498128-covo.aspx
VOLKSWAGEN,VOLKSWAGEN T-Roc Advance 1.5 TSI DSG,19.190 €,2020,94.000 km,Gasolina,150 cv,Madrid,2026-05-06 14:38:37,C,https://www.coches.net/volkswagen-t-roc-advance-15-tsi-110kw-150cv-dsg-5p-gasolina-2021-en-madrid-70498322-covo.aspx
HYUNDAI,HYUNDAI IONIQ 5 58KWH Light RWD,29.990 €,2023,35.320 km,Eléctrico,170 cv,Madrid,2026-05-06 14:38:37,CERO,https://www.coches.net/hyundai-ioniq-5-58kwh-light-rwd-5p-electrico-hibrido-2023-en-madrid-70498454-covo.aspx
KIA,KIA XCeed 1.0 TGDi Drive,17.490 €,2021,42.020 km,Gasolina,120 cv,Madrid,2026-05-06 14:38:37,C,https://www.coches.net/kia-xceed-10-tgdi-drive-88kw-120cv-5p-gasolina-2021-en-madrid-70498475-covo.aspx
FIAT,FIAT 500 Cult 1.0 Hybrid 70 CV,9.990 €,2021,41.699 km,Híbrido,70 cv,Madrid,2026-05-06 14:38:37,ECO,https://www.coches.net/fiat-500-cult-10-hybrid-51kw-70-cv-3p-electrico-hibrido-2021-en-madrid-70498530-covo.aspx
BMW,BMW X1 xDrive20d,43.500 €,2025,17.500 km,Híbrido,163 cv,Alicante,2026-05-06 14:38:37,ECO,https://www.coches.net/bmw-x1-xdrive20d-5p-electrico-hibrido-2025-en-alicante-70498545-covo.aspx
OPEL,OPEL Corsa 1.5D DT Edition,12.490 €,2022,41.637 km,Diesel,102 cv,Madrid,2026-05-06 14:38:37,C,https://www.coches.net/opel-corsa-15d-dt-74kw-100cv-edition-5p-diesel-2022-en-madrid-70498550-covo.aspx
SEAT,SEAT León 2.0 TDI SS Style,16.990 €,2021,68.933 km,Diesel,115 cv,Madrid,2026-05-06 14:38:37,C,https://www.coches.net/seat-leon-20-tdi-85kw-ss-style-5p-diesel-2022-en-madrid-70498614-covo.aspx
BMW,BMW X2 sDrive18d,24.900 €,2022,66.000 km,Diesel,150 cv,Cádiz,2026-05-06 14:38:37,C,https://www.coches.net/bmw-x2-sdrive18d-5p-diesel-2022-en-cadiz-70498640-covo.aspx
RENAULT,RENAULT Trafic Combi 9 Energy Blue dCi,25.890 €,2021,66.500 km,Diesel,110 cv,Málaga,2026-05-06 14:38:37,C,https://www.coches.net/renault-trafic-combi-9-energy-blue-dci-81-kw-110cv-4p-diesel-2021-en-malaga-70498644-covo.aspx
LAND-ROVER,LAND-ROVER Range Rover Velar 2.0 D180 RDynamic 4WD Auto,28.490 €,2019,107.615 km,Diesel,180 cv,Madrid,2026-05-06 14:38:37,C,https://www.coches.net/land-rover-range-rover-velar-20-d180-132kw-rdynamic-4wd-auto-5p-diesel-2019-en-madrid-70498649-covo.aspx
FORD,FORD Focus 1.0 Ecoboost MHEV Active,20.490 €,2022,31.472 km,Híbrido,155 cv,Madrid,2026-05-06 14:38:37,ECO,https://www.coches.net/ford-focus-10-ecoboost-mhev-114kw-active-5p-electrico-hibrido-2022-en-madrid-70498703-covo.aspx
SKODA,SKODA Kamiq 1.0 TSI SELECTION,21.900 €,2025,20.349 km,Gasolina,115 cv,Jaén,2026-05-06 14:38:37,C,https://www.coches.net/skoda-kamiq-10-tsi-85kw-115cv-selection-5p-gasolina-2025-en-jaen-70498861-covo.aspx
OPEL,OPEL Corsa 1.2T XHL Edition,11.900 €,2020,39.000 km,Gasolina,100 cv,Cádiz,2026-05-06 14:38:37,C,https://www.coches.net/opel-corsa-12t-xhl-74kw-100cv-edition-5p-gasolina-2020-en-cadiz-70498963-covo.aspx
BMW,BMW X4 xDrive20d,34.900 €,2021,108.600 km,Diesel,190 cv,Madrid,2026-05-06 14:38:37,C,https://www.coches.net/bmw-x4-xdrive20d-5p-diesel-2020-en-madrid-70498966-covo.aspx
BMW,BMW X3 xDrive20d,34.900 €,2020,88.300 km,Diesel,190 cv,Madrid,2026-05-06 14:38:37,C,https://www.coches.net/bmw-x3-xdrive20d-5p-diesel-2020-en-madrid-70499083-covo.aspx
MERCEDES-BENZ,MERCEDES-BENZ Clase B B 200 d,25.900 €,2021,41.800 km,Diesel,150 cv,Madrid,2026-05-06 14:38:37,C,https://www.coches.net/mercedes-benz-clase-b-b-200-d-5p-diesel-2020-en-madrid-70499093-covo.aspx
PEUGEOT,PEUGEOT 508 Allure PureTech 130 SS EAT8,20.990 €,2024,14.000 km,Gasolina,130 cv,Madrid,2026-05-06 14:38:37,C,https://www.coches.net/peugeot-508-5p-allure-puretech-130-ss-eat8-5p-gasolina-2024-en-madrid-70499150-covo.aspx
KIA,KIA Picanto 1.0 DPi Concept Pack Comfort,9.500 €,2021,57.000 km,Gasolina,67 cv,Cádiz,2026-05-06 14:38:37,B,https://www.coches.net/kia-picanto-10-dpi-49kw-67cv-concept-pack-comfort-5p-gasolina-2021-en-cadiz-70499155-covo.aspx
AUDI,AUDI A1 Sportback Adrenal Black 30TFSI S tr,27.900 €,2025,13.942 km,Gasolina,116 cv,Jaén,2026-05-06 14:38:37,C,https://www.coches.net/audi-a1-sportback-adrenal-black-30tfsi-85kw-s-tr-5p-gasolina-2025-en-jaen-70499289-covo.aspx
SEAT,SEAT Tarraco 2.0 TDI SS Xcellence GO L,26.900 €,2021,118.000 km,Diesel,150 cv,Cádiz,2026-05-06 14:38:37,C,https://www.coches.net/seat-tarraco-20-tdi-110kw-ss-xcellence-go-l-5p-diesel-2022-en-cadiz-70499700-covo.aspx
MERCEDES-BENZ,MERCEDES-BENZ Clase C C 200 d,23.500 €,2019,154.000 km,Diesel,160 cv,Alicante,2026-05-06 14:38:37,C,https://www.coches.net/mercedes-benz-clase-c-c-200-d-4p-diesel-2019-en-alicante-70499794-covo.aspx
AUDI,AUDI A5 40 TDI S tronic Sportback,29.800 €,2019,120.466 km,Diesel,190 cv,Alicante,2026-05-06 14:38:37,C,https://www.coches.net/audi-a5-40-tdi-140kw-190cv-s-tronic-sportback-5p-diesel-2019-en-alicante-70502959-covo.aspx
SKODA,SKODA Kamiq 1.0 TSI AMBITION,16.990 €,2022,45.000 km,Gasolina,95 cv,Barcelona,2026-05-06 14:38:37,C,https://www.coches.net/skoda-kamiq-10-tsi-70kw-95cv-ambition-5p-gasolina-2023-en-barcelona-70503092-covo.aspx
RENAULT,RENAULT Mégane Emotion 1.5DCI105,4.190 €,2007,187.202 km,Diesel,105 cv,Madrid,2026-05-06 14:38:37,B,https://www.coches.net/renault-megane-emotion-15dci105-5p-diesel-2007-en-madrid-70503107-covo.aspx
VOLKSWAGEN,VOLKSWAGEN T-Cross Sport 1.5 TSI DSG,22.990 €,2022,26.000 km,Gasolina,150 cv,Alicante,2026-05-06 14:38:37,C,https://www.coches.net/volkswagen-t-cross-sport-15-tsi-110kw-150cv-dsg-5p-gasolina-2023-en-alicante-70503120-covo.aspx
MERCEDES-BENZ,MERCEDES-BENZ GLB 2.0 GLB 200 D DCT,31.990 €,2021,87.000 km,Diesel,150 cv,Barcelona,2026-05-06 14:38:37,C,https://www.coches.net/mercedes-benz-glb-20-glb-200-d-dct-110kw-150cv-5p-diesel-2022-en-barcelona-70503333-covo.aspx
OPEL,OPEL Astra 1.7 CDTi 110 CV Enjoy,5.690 €,2010,196.942 km,Diesel,110 cv,Madrid,2026-05-06 14:38:37,B,https://www.coches.net/opel-astra-17-cdti-110-cv-enjoy-5p-diesel-2011-en-madrid-70503415-covo.aspx
HYUNDAI,HYUNDAI i10 1.2 N LINE,19.200 €,2025,140 km,Gasolina,79 cv,Badajoz,2026-05-06 14:38:37,C,https://www.coches.net/hyundai-i10-12-n-line-5p-gasolina-2025-en-badajoz-70503619-covo.aspx
FORD,FORD Puma 1.0 EcoBoost Titanium X MHEV Auto,24.500 €,2023,19.658 km,Híbrido,155 cv,Badajoz,2026-05-06 14:38:37,ECO,https://www.coches.net/ford-puma-10-ecoboost-155cv-titanium-x-mhev-auto-5p-electrico-hibrido-2022-en-badajoz-70503620-covo.aspx
HYUNDAI,HYUNDAI Kona HEV 1.6GDI DT N Line Style,34.500 €,2025,15.847 km,Híbrido,129 cv,Badajoz,2026-05-06 14:38:37,ECO,https://www.coches.net/hyundai-kona-hev-16gdi-129cv-dt-n-line-style-5p-electrico-hibrido-2025-en-badajoz-70503622-covo.aspx
FORD,FORD Puma 1.0 EcoBoost STLine X MHEV,22.900 €,2023,18.583 km,Híbrido,125 cv,Badajoz,2026-05-06 14:38:37,ECO,https://www.coches.net/ford-puma-10-ecoboost-125cv-stline-x-mhev-5p-electrico-hibrido-2023-en-badajoz-70503623-covo.aspx
SEAT,SEAT Ateca 2.0 TDI SS FR Edition,17.190 €,2019,199.000 km,Diesel,150 cv,Madrid,2026-05-06 14:38:37,C,https://www.coches.net/seat-ateca-20-tdi-110kw-150cv-ss-fr-edition-5p-diesel-2020-en-madrid-70503914-covo.aspx
SEAT,SEAT Arona 1.0 TSI Reference XM,17.990 €,2023,35.000 km,Gasolina,95 cv,Las Palmas,2026-05-06 14:38:37,B,https://www.coches.net/seat-arona-10-tsi-70kw-95cv-reference-xm-5p-gasolina-2023-en-las-palmas-70503994-covo.aspx
RENAULT,RENAULT Arkana RS Line TCe 103kW140CV EDC Microhib.,21.990 €,2021,45.000 km,Híbrido,140 cv,Las Palmas,2026-05-06 14:38:37,B,https://www.coches.net/renault-arkana-rs-line-tce-103kw140cv-edc-microhib-5p-electrico-hibrido-2021-en-las-palmas-70504119-covo.aspx
BMW,BMW X3 20d xDrive,59.995 €,2025,19.000 km,Híbrido,197 cv,Las Palmas,2026-05-06 14:38:37,B,https://www.coches.net/bmw-x3-20d-xdrive-5p-electrico-hibrido-2026-en-las-palmas-70504208-covo.aspx
LAND-ROVER,LAND-ROVER Range Rover Evoque 2.0 D163 AUTO 4WD MHEV,24.990 €,2022,85.000 km,Híbrido,163 cv,Sevilla,2026-05-06 14:38:37,ECO,https://www.coches.net/land-rover-range-rover-evoque-20-d163-auto-4wd-mhev-5p-electrico-hibrido-2023-en-sevilla-70504272-covo.aspx
JAGUAR,JAGUAR F-Pace 2.0L i4D AWD Automatico Prestige,19.990 €,2020,70.404 km,Diesel,180 cv,Sevilla,2026-05-06 14:38:37,C,https://www.coches.net/jaguar-f-pace-20l-i4d-awd-automatico-prestige-5p-diesel-2020-en-sevilla-70504273-covo.aspx
VOLKSWAGEN,VOLKSWAGEN Caddy Comfortline 2.0 TDI SCR BMT DSG,19.990 €,2016,178.000 km,Diesel,150 cv,Las Palmas,2026-05-06 14:38:37,B,https://www.coches.net/volkswagen-caddy-comfortline-20-tdi-scr-bmt-150cv-dsg-5p-diesel-2016-en-las-palmas-70504288-covo.aspx
VOLVO,VOLVO XC40 1.5 T5 Twin Recharge Inscription Auto,21.995 €,2020,147.000 km,Híbrido enchufable,262 cv,Las Palmas,2026-05-06 14:38:37,CERO,https://www.coches.net/volvo-xc40-15-t5-twin-recharge-inscription-auto-5p-electrico-hibrido-2021-en-las-palmas-70504331-covo.aspx
AUDI,AUDI A1 Sportback Advanced 30 TFSI,20.990 €,2025,5 km,Gasolina,116 cv,Las Palmas,2026-05-06 14:38:37,B,https://www.coches.net/audi-a1-sportback-advanced-30-tfsi-85kw-116cv-5p-gasolina-2025-en-las-palmas-70504658-covo.aspx
VOLKSWAGEN,VOLKSWAGEN Polo Life 1.0 TSI,16.990 €,2023,50.000 km,Gasolina,95 cv,Las Palmas,2026-05-06 14:38:37,B,https://www.coches.net/volkswagen-polo-life-10-tsi-70kw-95cv-5p-gasolina-2024-en-las-palmas-70504768-covo.aspx
VOLKSWAGEN,VOLKSWAGEN Golf 1.6 TDI BlueMotion,9.999 €,2012,140.000 km,Diesel,105 cv,Sevilla,2026-05-06 14:38:37,B,https://www.coches.net/volkswagen-golf-16-tdi-105cv-bluemotion-5p-diesel-2013-en-sevilla-70505060-covo.aspx
FORD,FORD Kuga 1.5 TDCi 4x2 Titanium,14.999 €,2019,150.000 km,Diesel,120 cv,Sevilla,2026-05-06 14:38:37,B,https://www.coches.net/ford-kuga-15-tdci-88kw-4x2-titanium-5p-diesel-2019-en-sevilla-70505094-covo.aspx
RENAULT,RENAULT Laguna Dynamique 2.0dCi,5.999 €,2008,170.000 km,Diesel,130 cv,Sevilla,2026-05-06 14:38:37,B,https://www.coches.net/renault-laguna-dynamique-20dci-130cv-5p-diesel-2008-en-sevilla-70505151-covo.aspx
BMW,BMW X2 sDrive20d,39.900 €,2025,66.700 km,Híbrido,163 cv,Albacete,2026-05-06 14:38:37,ECO,https://www.coches.net/bmw-x2-sdrive20d-5p-electrico-hibrido-2025-en-albacete-70505152-covo.aspx
BMW,BMW X2 xDrive20d,43.900 €,2025,25.109 km,Híbrido,163 cv,Ciudad Real,2026-05-06 14:38:37,ECO,https://www.coches.net/bmw-x2-xdrive20d-5p-electrico-hibrido-2025-en-ciudad-real-70505173-covo.aspx
RENAULT,RENAULT Clio Intens Blue dCi,9.500 €,2021,170.000 km,Diesel,100 cv,Sevilla,2026-05-06 14:38:37,C,https://www.coches.net/renault-clio-intens-blue-dci-74kw-100cv-5p-diesel-2021-en-sevilla-70505186-covo.aspx
RENAULT,RENAULT Captur Zen TCe GPF,15.890 €,2019,22.000 km,Gasolina,130 cv,Granada,2026-05-06 14:38:37,C,https://www.coches.net/renault-captur-zen-tce-gpf-96kw-130cv-5p-gasolina-2018-en-granada-70505275-covo.aspx
VOLVO,VOLVO XC40 1.5 T4 Recharge PHEV Core Auto,24.900 €,2023,83.000 km,Híbrido enchufable,211 cv,Madrid,2026-05-06 14:38:37,CERO,https://www.coches.net/volvo-xc40-15-t4-recharge-phev-core-auto-5p-electrico-hibrido-2024-en-madrid-70505473-covo.aspx
BMW,BMW Serie 2 Active Tourer 225e xDrive,35.900 €,2024,7704 km,Híbrido enchufable,245 cv,Sta. C. Tenerife,2026-05-06 14:38:37,CERO,https://www.coches.net/bmw-serie-2-active-tourer-225e-xdrive-5p-electrico-hibrido-2025-en-sta-c-tenerife-70507402-covo.aspx
MERCEDES-BENZ,MERCEDES-BENZ GLE GLE 350 de 4MATIC Hibrido Enchufable,65.900 €,2022,95.605 km,Híbrido enchufable,320 cv,La Rioja,2026-05-06 14:38:37,CERO,https://www.coches.net/mercedes-benz-gle-gle-350-de-4matic-hibrido-enchufable-5p-electrico-hibrido-2022-en-la-rioja-70507671-covo.aspx
